neighbourhood,year,population,key
Ciutat de les Arts i de les Ciències,2014,6086,CIUTATDELESARTSIDELESCINCIES
Ciutat de les Arts i de les Ciències,2015,6402,CIUTATDELESARTSIDELESCINCIES
Ciutat de les Arts i de les Ciències,2016,6626,CIUTATDELESARTSIDELESCINCIES
Ciutat de les Arts i de les Ciències,2017,6786,CIUTATDELESARTSIDELESCINCIES
Ciutat de les Arts i de les Ciències,2018,6919,CIUTATDELESARTSIDELESCINCIES
Ciutat de les Arts i de les Ciències,2019,7050,CIUTATDELESARTSIDELESCINCIES
Ciutat de les Arts i de les Ciències,2020,7455,CIUTATDELESARTSIDELESCINCIES
Ciutat de les Arts i de les Ciències,2021,7523,CIUTATDELESARTSIDELESCINCIES
Ciutat de les Arts i de les Ciències,2022,7687,CIUTATDELESARTSIDELESCINCIES
Ciutat de les Arts i de les Ciències,2023,8280,CIUTATDELESARTSIDELESCINCIES
Ciutat de les Arts i de les Ciències,2024,9020,CIUTATDELESARTSIDELESCINCIES
Vara de Quart,1991,11254,VARADEQUART
Vara de Quart,1996,11881,VARADEQUART
Vara de Quart,2001,11713,VARADEQUART
Vara de Quart,2014,10320,VARADEQUART
Vara de Quart,2015,10357,VARADEQUART
Vara de Quart,2016,10390,VARADEQUART
Vara de Quart,2017,10426,VARADEQUART
Vara de Quart,2018,10413,VARADEQUART
Vara de Quart,2019,10409,VARADEQUART
Vara de Quart,2020,10402,VARADEQUART
Vara de Quart,2021,10344,VARADEQUART
Vara de Quart,2022,10123,VARADEQUART
Vara de Quart,2023,10041,VARADEQUART
Vara de Quart,2024,10199,VARADEQUART
Beniferri,1991,527,BENIFERRI
Beniferri,1996,548,BENIFERRI
Beniferri,2001,520,BENIFERRI
Beniferri,2014,1044,BENIFERRI
Beniferri,2015,1070,BENIFERRI
Beniferri,2016,1102,BENIFERRI
Beniferri,2017,1117,BENIFERRI
Beniferri,2018,1157,BENIFERRI
Beniferri,2019,1200,BENIFERRI
Beniferri,2020,1192,BENIFERRI
Beniferri,2021,1187,BENIFERRI
Beniferri,2022,1171,BENIFERRI
Beniferri,2023,1199,BENIFERRI
Beniferri,2024,1249,BENIFERRI
Massarrojos,1991,1086,MASSARROJOS
Massarrojos,1996,1139,MASSARROJOS
Massarrojos,2001,1109,MASSARROJOS
Massarrojos,2014,2244,MASSARROJOS
Massarrojos,2015,2290,MASSARROJOS
Massarrojos,2016,2324,MASSARROJOS
Massarrojos,2017,2327,MASSARROJOS
Massarrojos,2018,2349,MASSARROJOS
Massarrojos,2019,2362,MASSARROJOS
Massarrojos,2020,2377,MASSARROJOS
Massarrojos,2021,2429,MASSARROJOS
Massarrojos,2022,2498,MASSARROJOS
Massarrojos,2023,2589,MASSARROJOS
Massarrojos,2024,2646,MASSARROJOS
Sant Antoni,1991,9112,SANTANTONI
Sant Antoni,1996,8927,SANTANTONI
Sant Antoni,2001,9755,SANTANTONI
Sant Antoni,2014,9723,SANTANTONI
Sant Antoni,2015,9694,SANTANTONI
Sant Antoni,2016,9714,SANTANTONI
Sant Antoni,2017,9718,SANTANTONI
Sant Antoni,2018,9828,SANTANTONI
Sant Antoni,2019,9806,SANTANTONI
Sant Antoni,2020,9860,SANTANTONI
Sant Antoni,2021,9756,SANTANTONI
Sant Antoni,2022,9705,SANTANTONI
Sant Antoni,2023,9821,SANTANTONI
Sant Antoni,2024,9972,SANTANTONI
Penya-roja,1991,806,PENYAROJA
Penya-roja,1996,1143,PENYAROJA
Penya-roja,2001,2532,PENYAROJA
Penya-roja,2014,11201,PENYAROJA
Penya-roja,2015,11582,PENYAROJA
Penya-roja,2016,11984,PENYAROJA
Penya-roja,2017,12238,PENYAROJA
Penya-roja,2018,12463,PENYAROJA
Penya-roja,2019,12414,PENYAROJA
Penya-roja,2020,12731,PENYAROJA
Penya-roja,2021,13020,PENYAROJA
Penya-roja,2022,13123,PENYAROJA
Penya-roja,2023,13322,PENYAROJA
Penya-roja,2024,13706,PENYAROJA
el Forn d'Alcedo,1991,1319,ELFORNDALCEDO
el Forn d'Alcedo,1996,1303,ELFORNDALCEDO
el Forn d'Alcedo,2001,1323,ELFORNDALCEDO
el Forn d'Alcedo,2014,1246,ELFORNDALCEDO
el Forn d'Alcedo,2015,1234,ELFORNDALCEDO
el Forn d'Alcedo,2016,1215,ELFORNDALCEDO
el Forn d'Alcedo,2017,1207,ELFORNDALCEDO
el Forn d'Alcedo,2018,1226,ELFORNDALCEDO
el Forn d'Alcedo,2019,1243,ELFORNDALCEDO
el Forn d'Alcedo,2020,1266,ELFORNDALCEDO
el Forn d'Alcedo,2021,1260,ELFORNDALCEDO
el Forn d'Alcedo,2022,1281,ELFORNDALCEDO
el Forn d'Alcedo,2023,1320,ELFORNDALCEDO
el Forn d'Alcedo,2024,1368,ELFORNDALCEDO
el Mercat,1991,3297,ELMERCAT
el Mercat,1996,2858,ELMERCAT
el Mercat,2001,3033,ELMERCAT
el Mercat,2014,3417,ELMERCAT
el Mercat,2015,3465,ELMERCAT
el Mercat,2016,3555,ELMERCAT
el Mercat,2017,3530,ELMERCAT
el Mercat,2018,3584,ELMERCAT
el Mercat,2019,3558,ELMERCAT
el Mercat,2020,3604,ELMERCAT
el Mercat,2021,3657,ELMERCAT
el Mercat,2022,3776,ELMERCAT
el Mercat,2023,3936,ELMERCAT
el Mercat,2024,4034,ELMERCAT
Ciutat Universitària,1991,3009,CIUTATUNIVERSITRIA
Ciutat Universitària,1996,2707,CIUTATUNIVERSITRIA
Ciutat Universitària,2001,2690,CIUTATUNIVERSITRIA
Ciutat Universitària,2014,2641,CIUTATUNIVERSITRIA
Ciutat Universitària,2015,2595,CIUTATUNIVERSITRIA
Ciutat Universitària,2016,2582,CIUTATUNIVERSITRIA
Ciutat Universitària,2017,2650,CIUTATUNIVERSITRIA
Ciutat Universitària,2018,2691,CIUTATUNIVERSITRIA
Ciutat Universitària,2019,2693,CIUTATUNIVERSITRIA
Ciutat Universitària,2020,2710,CIUTATUNIVERSITRIA
Ciutat Universitària,2021,2795,CIUTATUNIVERSITRIA
Ciutat Universitària,2022,2744,CIUTATUNIVERSITRIA
Ciutat Universitària,2023,2753,CIUTATUNIVERSITRIA
Ciutat Universitària,2024,2802,CIUTATUNIVERSITRIA
Beteró,1991,6996,BETER
Beteró,1996,8282,BETER
Beteró,2001,8190,BETER
Beteró,2014,8101,BETER
Beteró,2015,8101,BETER
Beteró,2016,8131,BETER
Beteró,2017,8047,BETER
Beteró,2018,8057,BETER
Beteró,2019,8011,BETER
Beteró,2020,7969,BETER
Beteró,2021,7969,BETER
Beteró,2022,7878,BETER
Beteró,2023,7834,BETER
Beteró,2024,7935,BETER
Natzaret,1991,6749,NATZARET
Natzaret,1996,6466,NATZARET
Natzaret,2001,6073,NATZARET
Natzaret,2014,6155,NATZARET
Natzaret,2015,6060,NATZARET
Natzaret,2016,6034,NATZARET
Natzaret,2017,5953,NATZARET
Natzaret,2018,6072,NATZARET
Natzaret,2019,5991,NATZARET
Natzaret,2020,6117,NATZARET
Natzaret,2021,6129,NATZARET
Natzaret,2022,6088,NATZARET
Natzaret,2023,6168,NATZARET
Natzaret,2024,6413,NATZARET
la Raiosa,1991,14532,LARAIOSA
la Raiosa,1996,13696,LARAIOSA
la Raiosa,2001,13877,LARAIOSA
la Raiosa,2014,15127,LARAIOSA
la Raiosa,2015,15152,LARAIOSA
la Raiosa,2016,15370,LARAIOSA
la Raiosa,2017,15417,LARAIOSA
la Raiosa,2018,15507,LARAIOSA
la Raiosa,2019,15493,LARAIOSA
la Raiosa,2020,15708,LARAIOSA
la Raiosa,2021,15491,LARAIOSA
la Raiosa,2022,15300,LARAIOSA
la Raiosa,2023,15555,LARAIOSA
la Raiosa,2024,15968,LARAIOSA
el Pilar,1991,4430,ELPILAR
el Pilar,1996,3861,ELPILAR
el Pilar,2001,3740,ELPILAR
el Pilar,2014,4444,ELPILAR
el Pilar,2015,4547,ELPILAR
el Pilar,2016,4628,ELPILAR
el Pilar,2017,4588,ELPILAR
el Pilar,2018,4719,ELPILAR
el Pilar,2019,4624,ELPILAR
el Pilar,2020,4663,ELPILAR
el Pilar,2021,4632,ELPILAR
el Pilar,2022,4749,ELPILAR
el Pilar,2023,4921,ELPILAR
el Pilar,2024,5352,ELPILAR
Camí Fondo,1991,3356,CAMFONDO
Camí Fondo,1996,3649,CAMFONDO
Camí Fondo,2001,3949,CAMFONDO
Camí Fondo,2014,4480,CAMFONDO
Camí Fondo,2015,4469,CAMFONDO
Camí Fondo,2016,4478,CAMFONDO
Camí Fondo,2017,4574,CAMFONDO
Camí Fondo,2018,4600,CAMFONDO
Camí Fondo,2019,4587,CAMFONDO
Camí Fondo,2020,4616,CAMFONDO
Camí Fondo,2021,4582,CAMFONDO
Camí Fondo,2022,4531,CAMFONDO
Camí Fondo,2023,4557,CAMFONDO
Camí Fondo,2024,4589,CAMFONDO
Tormos,1991,7657,TORMOS
Tormos,1996,7815,TORMOS
Tormos,2001,8172,TORMOS
Tormos,2014,8510,TORMOS
Tormos,2015,8450,TORMOS
Tormos,2016,8354,TORMOS
Tormos,2017,8489,TORMOS
Tormos,2018,8667,TORMOS
Tormos,2019,8628,TORMOS
Tormos,2020,8732,TORMOS
Tormos,2021,8574,TORMOS
Tormos,2022,8511,TORMOS
Tormos,2023,8654,TORMOS
Tormos,2024,8870,TORMOS
Borbotó,1991,756,BORBOT
Borbotó,1996,767,BORBOT
Borbotó,2001,753,BORBOT
Borbotó,2014,718,BORBOT
Borbotó,2015,701,BORBOT
Borbotó,2016,720,BORBOT
Borbotó,2017,721,BORBOT
Borbotó,2018,713,BORBOT
Borbotó,2019,715,BORBOT
Borbotó,2020,722,BORBOT
Borbotó,2021,739,BORBOT
Borbotó,2022,734,BORBOT
Borbotó,2023,743,BORBOT
Borbotó,2024,739,BORBOT
Sant Isidre,1991,7439,SANTISIDRE
Sant Isidre,1996,9199,SANTISIDRE
Sant Isidre,2001,9734,SANTISIDRE
Sant Isidre,2014,9825,SANTISIDRE
Sant Isidre,2015,9867,SANTISIDRE
Sant Isidre,2016,9906,SANTISIDRE
Sant Isidre,2017,9891,SANTISIDRE
Sant Isidre,2018,9939,SANTISIDRE
Sant Isidre,2019,9968,SANTISIDRE
Sant Isidre,2020,9954,SANTISIDRE
Sant Isidre,2021,9852,SANTISIDRE
Sant Isidre,2022,10198,SANTISIDRE
Sant Isidre,2023,10366,SANTISIDRE
Sant Isidre,2024,10444,SANTISIDRE
la Punta,1991,6102,LAPUNTA
la Punta,1996,6685,LAPUNTA
la Punta,2001,8579,LAPUNTA
la Punta,2014,2447,LAPUNTA
la Punta,2015,2557,LAPUNTA
la Punta,2016,2622,LAPUNTA
la Punta,2017,2610,LAPUNTA
la Punta,2018,2644,LAPUNTA
la Punta,2019,2603,LAPUNTA
la Punta,2020,2691,LAPUNTA
la Punta,2021,2756,LAPUNTA
la Punta,2022,2769,LAPUNTA
la Punta,2023,3015,LAPUNTA
la Punta,2024,3441,LAPUNTA
Trinitat,1991,9277,TRINITAT
Trinitat,1996,8533,TRINITAT
Trinitat,2001,8201,TRINITAT
Trinitat,2014,7803,TRINITAT
Trinitat,2015,7802,TRINITAT
Trinitat,2016,7842,TRINITAT
Trinitat,2017,7876,TRINITAT
Trinitat,2018,7934,TRINITAT
Trinitat,2019,7807,TRINITAT
Trinitat,2020,7856,TRINITAT
Trinitat,2021,7854,TRINITAT
Trinitat,2022,7833,TRINITAT
Trinitat,2023,7970,TRINITAT
Trinitat,2024,8082,TRINITAT
la Creu del Grau,1991,12494,LACREUDELGRAU
la Creu del Grau,1996,12416,LACREUDELGRAU
la Creu del Grau,2001,13617,LACREUDELGRAU
la Creu del Grau,2014,14824,LACREUDELGRAU
la Creu del Grau,2015,14846,LACREUDELGRAU
la Creu del Grau,2016,14907,LACREUDELGRAU
la Creu del Grau,2017,14765,LACREUDELGRAU
la Creu del Grau,2018,14936,LACREUDELGRAU
la Creu del Grau,2019,14694,LACREUDELGRAU
la Creu del Grau,2020,14805,LACREUDELGRAU
la Creu del Grau,2021,14755,LACREUDELGRAU
la Creu del Grau,2022,14633,LACREUDELGRAU
la Creu del Grau,2023,14851,LACREUDELGRAU
la Creu del Grau,2024,15120,LACREUDELGRAU
Torrefiel,1991,23679,TORREFIEL
Torrefiel,1996,23403,TORREFIEL
Torrefiel,2001,23122,TORREFIEL
Torrefiel,2014,25643,TORREFIEL
Torrefiel,2015,25750,TORREFIEL
Torrefiel,2016,25961,TORREFIEL
Torrefiel,2017,26038,TORREFIEL
Torrefiel,2018,26331,TORREFIEL
Torrefiel,2019,26268,TORREFIEL
Torrefiel,2020,26444,TORREFIEL
Torrefiel,2021,26430,TORREFIEL
Torrefiel,2022,26033,TORREFIEL
Torrefiel,2023,26255,TORREFIEL
Torrefiel,2024,27233,TORREFIEL
la Torre,1991,5255,LATORRE
la Torre,1996,5186,LATORRE
la Torre,2001,4967,LATORRE
la Torre,2014,4748,LATORRE
la Torre,2015,4694,LATORRE
la Torre,2016,4643,LATORRE
la Torre,2017,4706,LATORRE
la Torre,2018,4729,LATORRE
la Torre,2019,4781,LATORRE
la Torre,2020,4883,LATORRE
la Torre,2021,4878,LATORRE
la Torre,2022,4878,LATORRE
la Torre,2023,4969,LATORRE
la Torre,2024,4836,LATORRE
el Carme,1991,6338,ELCARME
el Carme,1996,5401,ELCARME
el Carme,2001,5615,ELCARME
el Carme,2014,6431,ELCARME
el Carme,2015,6469,ELCARME
el Carme,2016,6404,ELCARME
el Carme,2017,6384,ELCARME
el Carme,2018,6370,ELCARME
el Carme,2019,6343,ELCARME
el Carme,2020,6507,ELCARME
el Carme,2021,6590,ELCARME
el Carme,2022,6703,ELCARME
el Carme,2023,6896,ELCARME
el Carme,2024,7161,ELCARME
Mestalla,1991,13407,MESTALLA
Mestalla,1996,13449,MESTALLA
Mestalla,2001,13522,MESTALLA
Mestalla,2014,14694,MESTALLA
Mestalla,2015,14470,MESTALLA
Mestalla,2016,14456,MESTALLA
Mestalla,2017,14550,MESTALLA
Mestalla,2018,14745,MESTALLA
Mestalla,2019,14646,MESTALLA
Mestalla,2020,14763,MESTALLA
Mestalla,2021,14709,MESTALLA
Mestalla,2022,14600,MESTALLA
Mestalla,2023,14623,MESTALLA
Mestalla,2024,14745,MESTALLA
el Cabanyal-el Canyamelar,1991,22125,ELCABANYALELCANYAMELAR
el Cabanyal-el Canyamelar,1996,21326,ELCABANYALELCANYAMELAR
el Cabanyal-el Canyamelar,2001,20807,ELCABANYALELCANYAMELAR
el Cabanyal-el Canyamelar,2014,20580,ELCABANYALELCANYAMELAR
el Cabanyal-el Canyamelar,2015,20544,ELCABANYALELCANYAMELAR
el Cabanyal-el Canyamelar,2016,20493,ELCABANYALELCANYAMELAR
el Cabanyal-el Canyamelar,2017,20170,ELCABANYALELCANYAMELAR
el Cabanyal-el Canyamelar,2018,20140,ELCABANYALELCANYAMELAR
el Cabanyal-el Canyamelar,2019,19497,ELCABANYALELCANYAMELAR
el Cabanyal-el Canyamelar,2020,19359,ELCABANYALELCANYAMELAR
el Cabanyal-el Canyamelar,2021,19327,ELCABANYALELCANYAMELAR
el Cabanyal-el Canyamelar,2022,19201,ELCABANYALELCANYAMELAR
el Cabanyal-el Canyamelar,2023,19252,ELCABANYALELCANYAMELAR
el Cabanyal-el Canyamelar,2024,19429,ELCABANYALELCANYAMELAR
Mont-Olivet,1991,20594,MONTOLIVET
Mont-Olivet,1996,19537,MONTOLIVET
Mont-Olivet,2001,19191,MONTOLIVET
Mont-Olivet,2014,19370,MONTOLIVET
Mont-Olivet,2015,19385,MONTOLIVET
Mont-Olivet,2016,19568,MONTOLIVET
Mont-Olivet,2017,19555,MONTOLIVET
Mont-Olivet,2018,19604,MONTOLIVET
Mont-Olivet,2019,19448,MONTOLIVET
Mont-Olivet,2020,19487,MONTOLIVET
Mont-Olivet,2021,19215,MONTOLIVET
Mont-Olivet,2022,19204,MONTOLIVET
Mont-Olivet,2023,19407,MONTOLIVET
Mont-Olivet,2024,19845,MONTOLIVET
Favara,1991,2734,FAVARA
Favara,1996,2928,FAVARA
Favara,2001,3137,FAVARA
Favara,2014,3561,FAVARA
Favara,2015,3549,FAVARA
Favara,2016,3590,FAVARA
Favara,2017,3615,FAVARA
Favara,2018,3666,FAVARA
Favara,2019,3637,FAVARA
Favara,2020,3709,FAVARA
Favara,2021,3735,FAVARA
Favara,2022,3624,FAVARA
Favara,2023,3673,FAVARA
Favara,2024,3709,FAVARA
Nou Moles,1991,27622,NOUMOLES
Nou Moles,1996,26511,NOUMOLES
Nou Moles,2001,25815,NOUMOLES
Nou Moles,2014,25929,NOUMOLES
Nou Moles,2015,25889,NOUMOLES
Nou Moles,2016,25991,NOUMOLES
Nou Moles,2017,25901,NOUMOLES
Nou Moles,2018,26210,NOUMOLES
Nou Moles,2019,26051,NOUMOLES
Nou Moles,2020,26300,NOUMOLES
Nou Moles,2021,26280,NOUMOLES
Nou Moles,2022,25959,NOUMOLES
Nou Moles,2023,26527,NOUMOLES
Nou Moles,2024,27351,NOUMOLES
el Botànic,1991,6897,ELBOTNIC
el Botànic,1996,6168,ELBOTNIC
el Botànic,2001,6150,ELBOTNIC
el Botànic,2014,6524,ELBOTNIC
el Botànic,2015,6524,ELBOTNIC
el Botànic,2016,6566,ELBOTNIC
el Botànic,2017,6631,ELBOTNIC
el Botànic,2018,6670,ELBOTNIC
el Botànic,2019,6620,ELBOTNIC
el Botànic,2020,6619,ELBOTNIC
el Botànic,2021,6623,ELBOTNIC
el Botànic,2022,6601,ELBOTNIC
el Botànic,2023,6639,ELBOTNIC
el Botànic,2024,6883,ELBOTNIC
Benimaclet,1991,23401,BENIMACLET
Benimaclet,1996,24151,BENIMACLET
Benimaclet,2001,24303,BENIMACLET
Benimaclet,2014,23526,BENIMACLET
Benimaclet,2015,23452,BENIMACLET
Benimaclet,2016,23696,BENIMACLET
Benimaclet,2017,23631,BENIMACLET
Benimaclet,2018,23644,BENIMACLET
Benimaclet,2019,23306,BENIMACLET
Benimaclet,2020,23261,BENIMACLET
Benimaclet,2021,23204,BENIMACLET
Benimaclet,2022,22779,BENIMACLET
Benimaclet,2023,23050,BENIMACLET
Benimaclet,2024,23265,BENIMACLET
Campanar,1991,12449,CAMPANAR
Campanar,1996,13141,CAMPANAR
Campanar,2001,12610,CAMPANAR
Campanar,2014,11707,CAMPANAR
Campanar,2015,11595,CAMPANAR
Campanar,2016,11662,CAMPANAR
Campanar,2017,11601,CAMPANAR
Campanar,2018,11604,CAMPANAR
Campanar,2019,11593,CAMPANAR
Campanar,2020,11573,CAMPANAR
Campanar,2021,11547,CAMPANAR
Campanar,2022,11505,CAMPANAR
Campanar,2023,11595,CAMPANAR
Campanar,2024,11633,CAMPANAR
l'Illa Perduda,1991,9388,LILLAPERDUDA
l'Illa Perduda,1996,9508,LILLAPERDUDA
l'Illa Perduda,2001,9392,LILLAPERDUDA
l'Illa Perduda,2014,8841,LILLAPERDUDA
l'Illa Perduda,2015,8778,LILLAPERDUDA
l'Illa Perduda,2016,8759,LILLAPERDUDA
l'Illa Perduda,2017,8716,LILLAPERDUDA
l'Illa Perduda,2018,8813,LILLAPERDUDA
l'Illa Perduda,2019,8692,LILLAPERDUDA
l'Illa Perduda,2020,8700,LILLAPERDUDA
l'Illa Perduda,2021,8581,LILLAPERDUDA
l'Illa Perduda,2022,8474,LILLAPERDUDA
l'Illa Perduda,2023,8410,LILLAPERDUDA
l'Illa Perduda,2024,8453,LILLAPERDUDA
Benifaraig,1991,953,BENIFARAIG
Benifaraig,1996,948,BENIFARAIG
Benifaraig,2001,938,BENIFARAIG
Benifaraig,2014,999,BENIFARAIG
Benifaraig,2015,1003,BENIFARAIG
Benifaraig,2016,1004,BENIFARAIG
Benifaraig,2017,1014,BENIFARAIG
Benifaraig,2018,1012,BENIFARAIG
Benifaraig,2019,1014,BENIFARAIG
Benifaraig,2020,989,BENIFARAIG
Benifaraig,2021,988,BENIFARAIG
Benifaraig,2022,993,BENIFARAIG
Benifaraig,2023,986,BENIFARAIG
Benifaraig,2024,1008,BENIFARAIG
el Safranar,1991,6699,ELSAFRANAR
el Safranar,1996,6962,ELSAFRANAR
el Safranar,2001,8240,ELSAFRANAR
el Safranar,2014,9000,ELSAFRANAR
el Safranar,2015,9070,ELSAFRANAR
el Safranar,2016,9106,ELSAFRANAR
el Safranar,2017,9143,ELSAFRANAR
el Safranar,2018,9184,ELSAFRANAR
el Safranar,2019,9179,ELSAFRANAR
el Safranar,2020,9288,ELSAFRANAR
el Safranar,2021,9413,ELSAFRANAR
el Safranar,2022,9553,ELSAFRANAR
el Safranar,2023,9940,ELSAFRANAR
el Safranar,2024,10452,ELSAFRANAR
la Malva-rosa,1991,13544,LAMALVAROSA
la Malva-rosa,1996,13492,LAMALVAROSA
la Malva-rosa,2001,13458,LAMALVAROSA
la Malva-rosa,2014,13564,LAMALVAROSA
la Malva-rosa,2015,13496,LAMALVAROSA
la Malva-rosa,2016,13430,LAMALVAROSA
la Malva-rosa,2017,13137,LAMALVAROSA
la Malva-rosa,2018,13168,LAMALVAROSA
la Malva-rosa,2019,12936,LAMALVAROSA
la Malva-rosa,2020,12915,LAMALVAROSA
la Malva-rosa,2021,12908,LAMALVAROSA
la Malva-rosa,2022,12824,LAMALVAROSA
la Malva-rosa,2023,12925,LAMALVAROSA
la Malva-rosa,2024,13135,LAMALVAROSA
Jaume Roig,1991,7795,JAUMEROIG
Jaume Roig,1996,7128,JAUMEROIG
Jaume Roig,2001,6981,JAUMEROIG
Jaume Roig,2014,6513,JAUMEROIG
Jaume Roig,2015,6400,JAUMEROIG
Jaume Roig,2016,6402,JAUMEROIG
Jaume Roig,2017,6460,JAUMEROIG
Jaume Roig,2018,6485,JAUMEROIG
Jaume Roig,2019,6469,JAUMEROIG
Jaume Roig,2020,6449,JAUMEROIG
Jaume Roig,2021,6430,JAUMEROIG
Jaume Roig,2022,6359,JAUMEROIG
Jaume Roig,2023,6451,JAUMEROIG
Jaume Roig,2024,6532,JAUMEROIG
la Xerea,1991,4057,LAXEREA
la Xerea,1996,3861,LAXEREA
la Xerea,2001,3789,LAXEREA
la Xerea,2014,3866,LAXEREA
la Xerea,2015,3857,LAXEREA
la Xerea,2016,3879,LAXEREA
la Xerea,2017,3885,LAXEREA
la Xerea,2018,3889,LAXEREA
la Xerea,2019,3908,LAXEREA
la Xerea,2020,3966,LAXEREA
la Xerea,2021,3959,LAXEREA
la Xerea,2022,3956,LAXEREA
la Xerea,2023,4002,LAXEREA
la Xerea,2024,4137,LAXEREA
Ciutat Fallera,1991,6069,CIUTATFALLERA
Ciutat Fallera,1996,6383,CIUTATFALLERA
Ciutat Fallera,2001,6345,CIUTATFALLERA
Ciutat Fallera,2014,5895,CIUTATFALLERA
Ciutat Fallera,2015,5788,CIUTATFALLERA
Ciutat Fallera,2016,5825,CIUTATFALLERA
Ciutat Fallera,2017,5732,CIUTATFALLERA
Ciutat Fallera,2018,5845,CIUTATFALLERA
Ciutat Fallera,2019,5791,CIUTATFALLERA
Ciutat Fallera,2020,5883,CIUTATFALLERA
Ciutat Fallera,2021,5902,CIUTATFALLERA
Ciutat Fallera,2022,5884,CIUTATFALLERA
Ciutat Fallera,2023,5981,CIUTATFALLERA
Ciutat Fallera,2024,6236,CIUTATFALLERA
el Perellonet,1991,504,ELPERELLONET
el Perellonet,1996,865,ELPERELLONET
el Perellonet,2001,1469,ELPERELLONET
el Perellonet,2014,1438,ELPERELLONET
el Perellonet,2015,1401,ELPERELLONET
el Perellonet,2016,1430,ELPERELLONET
el Perellonet,2017,1407,ELPERELLONET
el Perellonet,2018,1385,ELPERELLONET
el Perellonet,2019,1378,ELPERELLONET
el Perellonet,2020,1406,ELPERELLONET
el Perellonet,2021,1468,ELPERELLONET
el Perellonet,2022,1488,ELPERELLONET
el Perellonet,2023,1475,ELPERELLONET
el Perellonet,2024,1515,ELPERELLONET
la Gran Via,1991,13428,LAGRANVIA
la Gran Via,1996,13002,LAGRANVIA
la Gran Via,2001,12274,LAGRANVIA
la Gran Via,2014,11585,LAGRANVIA
la Gran Via,2015,11512,LAGRANVIA
la Gran Via,2016,11624,LAGRANVIA
la Gran Via,2017,11746,LAGRANVIA
la Gran Via,2018,11922,LAGRANVIA
la Gran Via,2019,11878,LAGRANVIA
la Gran Via,2020,11923,LAGRANVIA
la Gran Via,2021,11943,LAGRANVIA
la Gran Via,2022,11916,LAGRANVIA
la Gran Via,2023,12039,LAGRANVIA
la Gran Via,2024,12291,LAGRANVIA
Sant Llorenç,1991,2712,SANTLLOREN
Sant Llorenç,1996,3717,SANTLLOREN
Sant Llorenç,2001,4219,SANTLLOREN
Sant Llorenç,2014,10268,SANTLLOREN
Sant Llorenç,2015,10516,SANTLLOREN
Sant Llorenç,2016,10689,SANTLLOREN
Sant Llorenç,2017,10707,SANTLLOREN
Sant Llorenç,2018,10870,SANTLLOREN
Sant Llorenç,2019,10879,SANTLLOREN
Sant Llorenç,2020,10971,SANTLLOREN
Sant Llorenç,2021,10957,SANTLLOREN
Sant Llorenç,2022,10963,SANTLLOREN
Sant Llorenç,2023,11258,SANTLLOREN
Sant Llorenç,2024,11414,SANTLLOREN
Albors,1991,8868,ALBORS
Albors,1996,9107,ALBORS
Albors,2001,8957,ALBORS
Albors,2014,8643,ALBORS
Albors,2015,8618,ALBORS
Albors,2016,8671,ALBORS
Albors,2017,8651,ALBORS
Albors,2018,8744,ALBORS
Albors,2019,8776,ALBORS
Albors,2020,8778,ALBORS
Albors,2021,8730,ALBORS
Albors,2022,8712,ALBORS
Albors,2023,8911,ALBORS
Albors,2024,9136,ALBORS
Morvedre,1991,10455,MORVEDRE
Morvedre,1996,9773,MORVEDRE
Morvedre,2001,10028,MORVEDRE
Morvedre,2014,10299,MORVEDRE
Morvedre,2015,10275,MORVEDRE
Morvedre,2016,10388,MORVEDRE
Morvedre,2017,10256,MORVEDRE
Morvedre,2018,10305,MORVEDRE
Morvedre,2019,10222,MORVEDRE
Morvedre,2020,10198,MORVEDRE
Morvedre,2021,10210,MORVEDRE
Morvedre,2022,10147,MORVEDRE
Morvedre,2023,10124,MORVEDRE
Morvedre,2024,10301,MORVEDRE
Sant Marcel·lí,1991,10555,SANTMARCELL
Sant Marcel·lí,1996,10154,SANTMARCELL
Sant Marcel·lí,2001,10106,SANTMARCELL
Sant Marcel·lí,2014,9905,SANTMARCELL
Sant Marcel·lí,2015,9923,SANTMARCELL
Sant Marcel·lí,2016,9971,SANTMARCELL
Sant Marcel·lí,2017,9963,SANTMARCELL
Sant Marcel·lí,2018,10056,SANTMARCELL
Sant Marcel·lí,2019,10069,SANTMARCELL
Sant Marcel·lí,2020,10125,SANTMARCELL
Sant Marcel·lí,2021,10044,SANTMARCELL
Sant Marcel·lí,2022,9964,SANTMARCELL
Sant Marcel·lí,2023,10134,SANTMARCELL
Sant Marcel·lí,2024,10330,SANTMARCELL
la Seu,1991,2589,LASEU
la Seu,1996,2514,LASEU
la Seu,2001,2517,LASEU
la Seu,2014,2857,LASEU
la Seu,2015,2842,LASEU
la Seu,2016,2922,LASEU
la Seu,2017,2978,LASEU
la Seu,2018,3097,LASEU
la Seu,2019,3013,LASEU
la Seu,2020,3005,LASEU
la Seu,2021,3049,LASEU
la Seu,2022,3102,LASEU
la Seu,2023,3151,LASEU
la Seu,2024,3245,LASEU
Benicalap,1991,30872,BENICALAP
Benicalap,1996,32366,BENICALAP
Benicalap,2001,33120,BENICALAP
Benicalap,2014,38749,BENICALAP
Benicalap,2015,39143,BENICALAP
Benicalap,2016,39635,BENICALAP
Benicalap,2017,39906,BENICALAP
Benicalap,2018,40514,BENICALAP
Benicalap,2019,40908,BENICALAP
Benicalap,2020,41538,BENICALAP
Benicalap,2021,41483,BENICALAP
Benicalap,2022,41868,BENICALAP
Benicalap,2023,42725,BENICALAP
Benicalap,2024,43916,BENICALAP
el Palmar,1991,900,ELPALMAR
el Palmar,1996,895,ELPALMAR
el Palmar,2001,860,ELPALMAR
el Palmar,2014,753,ELPALMAR
el Palmar,2015,750,ELPALMAR
el Palmar,2016,769,ELPALMAR
el Palmar,2017,759,ELPALMAR
el Palmar,2018,772,ELPALMAR
el Palmar,2019,755,ELPALMAR
el Palmar,2020,767,ELPALMAR
el Palmar,2021,769,ELPALMAR
el Palmar,2022,763,ELPALMAR
el Palmar,2023,749,ELPALMAR
el Palmar,2024,750,ELPALMAR
Aiora,1991,22523,AIORA
Aiora,1996,22836,AIORA
Aiora,2001,23347,AIORA
Aiora,2014,25097,AIORA
Aiora,2015,25021,AIORA
Aiora,2016,25079,AIORA
Aiora,2017,25092,AIORA
Aiora,2018,25184,AIORA
Aiora,2019,24980,AIORA
Aiora,2020,24960,AIORA
Aiora,2021,24894,AIORA
Aiora,2022,24553,AIORA
Aiora,2023,24604,AIORA
Aiora,2024,24902,AIORA
Marxalenes,1991,12323,MARXALENES
Marxalenes,1996,11782,MARXALENES
Marxalenes,2001,11382,MARXALENES
Marxalenes,2014,10538,MARXALENES
Marxalenes,2015,10497,MARXALENES
Marxalenes,2016,10520,MARXALENES
Marxalenes,2017,10552,MARXALENES
Marxalenes,2018,10649,MARXALENES
Marxalenes,2019,10629,MARXALENES
Marxalenes,2020,10845,MARXALENES
Marxalenes,2021,10880,MARXALENES
Marxalenes,2022,10817,MARXALENES
Marxalenes,2023,10930,MARXALENES
Marxalenes,2024,11158,MARXALENES
les Tendetes,1991,6176,LESTENDETES
les Tendetes,1996,5673,LESTENDETES
les Tendetes,2001,5456,LESTENDETES
les Tendetes,2014,5220,LESTENDETES
les Tendetes,2015,5207,LESTENDETES
les Tendetes,2016,5193,LESTENDETES
les Tendetes,2017,5205,LESTENDETES
les Tendetes,2018,5263,LESTENDETES
les Tendetes,2019,5253,LESTENDETES
les Tendetes,2020,5279,LESTENDETES
les Tendetes,2021,5271,LESTENDETES
les Tendetes,2022,5299,LESTENDETES
les Tendetes,2023,5362,LESTENDETES
les Tendetes,2024,5410,LESTENDETES
Ciutat Jardí,1991,14754,CIUTATJARD
Ciutat Jardí,1996,14597,CIUTATJARD
Ciutat Jardí,2001,14058,CIUTATJARD
Ciutat Jardí,2014,12050,CIUTATJARD
Ciutat Jardí,2015,12024,CIUTATJARD
Ciutat Jardí,2016,11949,CIUTATJARD
Ciutat Jardí,2017,11958,CIUTATJARD
Ciutat Jardí,2018,11999,CIUTATJARD
Ciutat Jardí,2019,11810,CIUTATJARD
Ciutat Jardí,2020,11887,CIUTATJARD
Ciutat Jardí,2021,11828,CIUTATJARD
Ciutat Jardí,2022,11684,CIUTATJARD
Ciutat Jardí,2023,11674,CIUTATJARD
Ciutat Jardí,2024,11922,CIUTATJARD
la Petxina,1991,16284,LAPETXINA
la Petxina,1996,15391,LAPETXINA
la Petxina,2001,15054,LAPETXINA
la Petxina,2014,14989,LAPETXINA
la Petxina,2015,15040,LAPETXINA
la Petxina,2016,15042,LAPETXINA
la Petxina,2017,15030,LAPETXINA
la Petxina,2018,15074,LAPETXINA
la Petxina,2019,15040,LAPETXINA
la Petxina,2020,15082,LAPETXINA
la Petxina,2021,14990,LAPETXINA
la Petxina,2022,14899,LAPETXINA
la Petxina,2023,15095,LAPETXINA
la Petxina,2024,15388,LAPETXINA
Poble Nou,1991,1357,POBLENOU
Poble Nou,1996,1502,POBLENOU
Poble Nou,2001,1978,POBLENOU
Poble Nou,2014,857,POBLENOU
Poble Nou,2015,844,POBLENOU
Poble Nou,2016,860,POBLENOU
Poble Nou,2017,855,POBLENOU
Poble Nou,2018,880,POBLENOU
Poble Nou,2019,899,POBLENOU
Poble Nou,2020,906,POBLENOU
Poble Nou,2021,904,POBLENOU
Poble Nou,2022,908,POBLENOU
Poble Nou,2023,942,POBLENOU
Poble Nou,2024,960,POBLENOU
Tres Forques,1991,10598,TRESFORQUES
Tres Forques,1996,9342,TRESFORQUES
Tres Forques,2001,8384,TRESFORQUES
Tres Forques,2014,8748,TRESFORQUES
Tres Forques,2015,8726,TRESFORQUES
Tres Forques,2016,8687,TRESFORQUES
Tres Forques,2017,8816,TRESFORQUES
Tres Forques,2018,8883,TRESFORQUES
Tres Forques,2019,9011,TRESFORQUES
Tres Forques,2020,9302,TRESFORQUES
Tres Forques,2021,9369,TRESFORQUES
Tres Forques,2022,9323,TRESFORQUES
Tres Forques,2023,9556,TRESFORQUES
Tres Forques,2024,10164,TRESFORQUES
Malilla,1991,15648,MALILLA
Malilla,1996,16976,MALILLA
Malilla,2001,17816,MALILLA
Malilla,2014,21971,MALILLA
Malilla,2015,21865,MALILLA
Malilla,2016,21965,MALILLA
Malilla,2017,22026,MALILLA
Malilla,2018,22081,MALILLA
Malilla,2019,21943,MALILLA
Malilla,2020,21945,MALILLA
Malilla,2021,22100,MALILLA
Malilla,2022,22287,MALILLA
Malilla,2023,23229,MALILLA
Malilla,2024,24924,MALILLA
en Corts,1991,11382,ENCORTS
en Corts,1996,11242,ENCORTS
en Corts,2001,11018,ENCORTS
en Corts,2014,12122,ENCORTS
en Corts,2015,12085,ENCORTS
en Corts,2016,12119,ENCORTS
en Corts,2017,12001,ENCORTS
en Corts,2018,12050,ENCORTS
en Corts,2019,12106,ENCORTS
en Corts,2020,12104,ENCORTS
en Corts,2021,12067,ENCORTS
en Corts,2022,12028,ENCORTS
en Corts,2023,12063,ENCORTS
en Corts,2024,12222,ENCORTS
Soternes,1991,4970,SOTERNES
Soternes,1996,4701,SOTERNES
Soternes,2001,4700,SOTERNES
Soternes,2014,4919,SOTERNES
Soternes,2015,4881,SOTERNES
Soternes,2016,4985,SOTERNES
Soternes,2017,5024,SOTERNES
Soternes,2018,4952,SOTERNES
Soternes,2019,4921,SOTERNES
Soternes,2020,4963,SOTERNES
Soternes,2021,4895,SOTERNES
Soternes,2022,4846,SOTERNES
Soternes,2023,4880,SOTERNES
Soternes,2024,5095,SOTERNES
Carpesa,1991,1363,CARPESA
Carpesa,1996,1329,CARPESA
Carpesa,2001,1268,CARPESA
Carpesa,2014,1228,CARPESA
Carpesa,2015,1224,CARPESA
Carpesa,2016,1230,CARPESA
Carpesa,2017,1216,CARPESA
Carpesa,2018,1201,CARPESA
Carpesa,2019,1186,CARPESA
Carpesa,2020,1184,CARPESA
Carpesa,2021,1182,CARPESA
Carpesa,2022,1191,CARPESA
Carpesa,2023,1196,CARPESA
Carpesa,2024,1220,CARPESA
la Roqueta,1991,4477,LAROQUETA
la Roqueta,1996,4130,LAROQUETA
la Roqueta,2001,4167,LAROQUETA
la Roqueta,2014,4380,LAROQUETA
la Roqueta,2015,4406,LAROQUETA
la Roqueta,2016,4451,LAROQUETA
la Roqueta,2017,4413,LAROQUETA
la Roqueta,2018,4455,LAROQUETA
la Roqueta,2019,4449,LAROQUETA
la Roqueta,2020,4489,LAROQUETA
la Roqueta,2021,4553,LAROQUETA
la Roqueta,2022,4545,LAROQUETA
la Roqueta,2023,4726,LAROQUETA
la Roqueta,2024,5018,LAROQUETA
Faitanar,1991,158,FAITANAR
Faitanar,1996,240,FAITANAR
Faitanar,2001,213,FAITANAR
Faitanar,2014,822,FAITANAR
Faitanar,2015,860,FAITANAR
Faitanar,2016,979,FAITANAR
Faitanar,2017,1061,FAITANAR
Faitanar,2018,1180,FAITANAR
Faitanar,2019,1295,FAITANAR
Faitanar,2020,1457,FAITANAR
Faitanar,2021,1532,FAITANAR
Faitanar,2022,1589,FAITANAR
Faitanar,2023,1668,FAITANAR
Faitanar,2024,2065,FAITANAR
Camí de Vera,1991,4490,CAMDEVERA
Camí de Vera,1996,5102,CAMDEVERA
Camí de Vera,2001,5621,CAMDEVERA
Camí de Vera,2014,5400,CAMDEVERA
Camí de Vera,2015,5416,CAMDEVERA
Camí de Vera,2016,5400,CAMDEVERA
Camí de Vera,2017,5407,CAMDEVERA
Camí de Vera,2018,5447,CAMDEVERA
Camí de Vera,2019,5412,CAMDEVERA
Camí de Vera,2020,5425,CAMDEVERA
Camí de Vera,2021,5371,CAMDEVERA
Camí de Vera,2022,5285,CAMDEVERA
Camí de Vera,2023,5267,CAMDEVERA
Camí de Vera,2024,5276,CAMDEVERA
l'Amistat,1991,7918,LAMISTAT
l'Amistat,1996,7845,LAMISTAT
l'Amistat,2001,7599,LAMISTAT
l'Amistat,2014,7272,LAMISTAT
l'Amistat,2015,7249,LAMISTAT
l'Amistat,2016,7252,LAMISTAT
l'Amistat,2017,7174,LAMISTAT
l'Amistat,2018,7146,LAMISTAT
l'Amistat,2019,7095,LAMISTAT
l'Amistat,2020,7124,LAMISTAT
l'Amistat,2021,7114,LAMISTAT
l'Amistat,2022,7014,LAMISTAT
l'Amistat,2023,7014,LAMISTAT
l'Amistat,2024,7123,LAMISTAT
el Calvari,1991,6215,ELCALVARI
el Calvari,1996,5448,ELCALVARI
el Calvari,2001,5043,ELCALVARI
el Calvari,2014,4867,ELCALVARI
el Calvari,2015,4796,ELCALVARI
el Calvari,2016,4804,ELCALVARI
el Calvari,2017,4741,ELCALVARI
el Calvari,2018,4787,ELCALVARI
el Calvari,2019,4864,ELCALVARI
el Calvari,2020,4985,ELCALVARI
el Calvari,2021,4974,ELCALVARI
el Calvari,2022,5026,ELCALVARI
el Calvari,2023,4984,ELCALVARI
el Calvari,2024,5195,ELCALVARI
Orriols,1991,17726,ORRIOLS
Orriols,1996,16638,ORRIOLS
Orriols,2001,16086,ORRIOLS
Orriols,2014,16089,ORRIOLS
Orriols,2015,15944,ORRIOLS
Orriols,2016,16099,ORRIOLS
Orriols,2017,16019,ORRIOLS
Orriols,2018,16298,ORRIOLS
Orriols,2019,16423,ORRIOLS
Orriols,2020,16818,ORRIOLS
Orriols,2021,16743,ORRIOLS
Orriols,2022,16570,ORRIOLS
Orriols,2023,17092,ORRIOLS
Orriols,2024,18056,ORRIOLS
Russafa,1991,25357,RUSSAFA
Russafa,1996,24380,RUSSAFA
Russafa,2001,23570,RUSSAFA
Russafa,2014,24006,RUSSAFA
Russafa,2015,23855,RUSSAFA
Russafa,2016,23921,RUSSAFA
Russafa,2017,23864,RUSSAFA
Russafa,2018,23834,RUSSAFA
Russafa,2019,23742,RUSSAFA
Russafa,2020,23785,RUSSAFA
Russafa,2021,23826,RUSSAFA
Russafa,2022,23735,RUSSAFA
Russafa,2023,24432,RUSSAFA
Russafa,2024,25100,RUSSAFA
el Saler,1991,713,ELSALER
el Saler,1996,1005,ELSALER
el Saler,2001,1375,ELSALER
el Saler,2014,1727,ELSALER
el Saler,2015,1709,ELSALER
el Saler,2016,1704,ELSALER
el Saler,2017,1737,ELSALER
el Saler,2018,1771,ELSALER
el Saler,2019,1836,ELSALER
el Saler,2020,1878,ELSALER
el Saler,2021,1936,ELSALER
el Saler,2022,1895,ELSALER
el Saler,2023,1930,ELSALER
el Saler,2024,1956,ELSALER
Camí Real,1991,2668,CAMREAL
Camí Real,1996,2574,CAMREAL
Camí Real,2001,2624,CAMREAL
Camí Real,2014,3686,CAMREAL
Camí Real,2015,3649,CAMREAL
Camí Real,2016,3695,CAMREAL
Camí Real,2017,3705,CAMREAL
Camí Real,2018,3772,CAMREAL
Camí Real,2019,3841,CAMREAL
Camí Real,2020,3871,CAMREAL
Camí Real,2021,3850,CAMREAL
Camí Real,2022,3831,CAMREAL
Camí Real,2023,3882,CAMREAL
Camí Real,2024,3960,CAMREAL
Exposició,1991,7334,EXPOSICI
Exposició,1996,7117,EXPOSICI
Exposició,2001,7183,EXPOSICI
Exposició,2014,6580,EXPOSICI
Exposició,2015,6659,EXPOSICI
Exposició,2016,6676,EXPOSICI
Exposició,2017,6702,EXPOSICI
Exposició,2018,6785,EXPOSICI
Exposició,2019,6730,EXPOSICI
Exposició,2020,6722,EXPOSICI
Exposició,2021,6733,EXPOSICI
Exposició,2022,6741,EXPOSICI
Exposició,2023,6853,EXPOSICI
Exposició,2024,6941,EXPOSICI
el Grau,1991,8046,ELGRAU
el Grau,1996,8041,ELGRAU
el Grau,2001,8563,ELGRAU
el Grau,2014,9493,ELGRAU
el Grau,2015,9509,ELGRAU
el Grau,2016,9502,ELGRAU
el Grau,2017,9336,ELGRAU
el Grau,2018,9486,ELGRAU
el Grau,2019,9408,ELGRAU
el Grau,2020,9365,ELGRAU
el Grau,2021,9427,ELGRAU
el Grau,2022,9495,ELGRAU
el Grau,2023,9718,ELGRAU
el Grau,2024,9931,ELGRAU
Sant Pau,1991,6338,SANTPAU
Sant Pau,1996,5958,SANTPAU
Sant Pau,2001,5858,SANTPAU
Sant Pau,2014,15095,SANTPAU
Sant Pau,2015,15486,SANTPAU
Sant Pau,2016,15903,SANTPAU
Sant Pau,2017,16227,SANTPAU
Sant Pau,2018,16510,SANTPAU
Sant Pau,2019,16628,SANTPAU
Sant Pau,2020,16899,SANTPAU
Sant Pau,2021,16882,SANTPAU
Sant Pau,2022,17334,SANTPAU
Sant Pau,2023,17905,SANTPAU
Sant Pau,2024,18679,SANTPAU
la Bega Baixa,1991,5940,LABEGABAIXA
la Bega Baixa,1996,6317,LABEGABAIXA
la Bega Baixa,2001,6332,LABEGABAIXA
la Bega Baixa,2014,5727,LABEGABAIXA
la Bega Baixa,2015,5695,LABEGABAIXA
la Bega Baixa,2016,5709,LABEGABAIXA
la Bega Baixa,2017,5689,LABEGABAIXA
la Bega Baixa,2018,5675,LABEGABAIXA
la Bega Baixa,2019,5572,LABEGABAIXA
la Bega Baixa,2020,5512,LABEGABAIXA
la Bega Baixa,2021,5423,LABEGABAIXA
la Bega Baixa,2022,5396,LABEGABAIXA
la Bega Baixa,2023,5424,LABEGABAIXA
la Bega Baixa,2024,5467,LABEGABAIXA
les Cases de Bàrcena,1991,490,LESCASESDEBRCENA
les Cases de Bàrcena,1996,460,LESCASESDEBRCENA
les Cases de Bàrcena,2001,429,LESCASESDEBRCENA
les Cases de Bàrcena,2014,360,LESCASESDEBRCENA
les Cases de Bàrcena,2015,364,LESCASESDEBRCENA
les Cases de Bàrcena,2016,344,LESCASESDEBRCENA
les Cases de Bàrcena,2017,355,LESCASESDEBRCENA
les Cases de Bàrcena,2018,345,LESCASESDEBRCENA
les Cases de Bàrcena,2019,345,LESCASESDEBRCENA
les Cases de Bàrcena,2020,354,LESCASESDEBRCENA
les Cases de Bàrcena,2021,357,LESCASESDEBRCENA
les Cases de Bàrcena,2022,363,LESCASESDEBRCENA
les Cases de Bàrcena,2023,363,LESCASESDEBRCENA
les Cases de Bàrcena,2024,377,LESCASESDEBRCENA
la Llum,1991,3891,LALLUM
la Llum,1996,4344,LALLUM
la Llum,2001,4794,LALLUM
la Llum,2014,5059,LALLUM
la Llum,2015,5068,LALLUM
la Llum,2016,5046,LALLUM
la Llum,2017,5052,LALLUM
la Llum,2018,5050,LALLUM
la Llum,2019,5056,LALLUM
la Llum,2020,5123,LALLUM
la Llum,2021,5075,LALLUM
la Llum,2022,5004,LALLUM
la Llum,2023,4972,LALLUM
la Llum,2024,4998,LALLUM
Patraix,1991,23289,PATRAIX
Patraix,1996,23678,PATRAIX
Patraix,2001,24373,PATRAIX
Patraix,2014,24646,PATRAIX
Patraix,2015,24513,PATRAIX
Patraix,2016,24581,PATRAIX
Patraix,2017,24555,PATRAIX
Patraix,2018,24770,PATRAIX
Patraix,2019,24590,PATRAIX
Patraix,2020,24700,PATRAIX
Patraix,2021,24489,PATRAIX
Patraix,2022,24300,PATRAIX
Patraix,2023,24313,PATRAIX
Patraix,2024,24613,PATRAIX
na Rovella,1991,11423,NAROVELLA
na Rovella,1996,10447,NAROVELLA
na Rovella,2001,9505,NAROVELLA
na Rovella,2014,8093,NAROVELLA
na Rovella,2015,7952,NAROVELLA
na Rovella,2016,7957,NAROVELLA
na Rovella,2017,7890,NAROVELLA
na Rovella,2018,7875,NAROVELLA
na Rovella,2019,7815,NAROVELLA
na Rovella,2020,7804,NAROVELLA
na Rovella,2021,7652,NAROVELLA
na Rovella,2022,7540,NAROVELLA
na Rovella,2023,7490,NAROVELLA
na Rovella,2024,7628,NAROVELLA
l'Hort de Senabre,1991,16384,LHORTDESENABRE
l'Hort de Senabre,1996,16938,LHORTDESENABRE
l'Hort de Senabre,2001,17085,LHORTDESENABRE
l'Hort de Senabre,2014,17147,LHORTDESENABRE
l'Hort de Senabre,2015,17084,LHORTDESENABRE
l'Hort de Senabre,2016,17121,LHORTDESENABRE
l'Hort de Senabre,2017,17024,LHORTDESENABRE
l'Hort de Senabre,2018,17217,LHORTDESENABRE
l'Hort de Senabre,2019,17062,LHORTDESENABRE
l'Hort de Senabre,2020,17100,LHORTDESENABRE
l'Hort de Senabre,2021,17055,LHORTDESENABRE
l'Hort de Senabre,2022,16859,LHORTDESENABRE
l'Hort de Senabre,2023,16968,LHORTDESENABRE
l'Hort de Senabre,2024,17225,LHORTDESENABRE
Pinedo,1991,2159,PINEDO
Pinedo,1996,2450,PINEDO
Pinedo,2001,2453,PINEDO
Pinedo,2014,2575,PINEDO
Pinedo,2015,2583,PINEDO
Pinedo,2016,2607,PINEDO
Pinedo,2017,2533,PINEDO
Pinedo,2018,2555,PINEDO
Pinedo,2019,2559,PINEDO
Pinedo,2020,2574,PINEDO
Pinedo,2021,2557,PINEDO
Pinedo,2022,2597,PINEDO
Pinedo,2023,2616,PINEDO
Pinedo,2024,2640,PINEDO
Castellar-l'Oliveral,1991,6907,CASTELLARLOLIVERAL
Castellar-l'Oliveral,1996,6979,CASTELLARLOLIVERAL
Castellar-l'Oliveral,2001,6895,CASTELLARLOLIVERAL
Castellar-l'Oliveral,2014,6883,CASTELLARLOLIVERAL
Castellar-l'Oliveral,2015,6866,CASTELLARLOLIVERAL
Castellar-l'Oliveral,2016,6881,CASTELLARLOLIVERAL
Castellar-l'Oliveral,2017,6827,CASTELLARLOLIVERAL
Castellar-l'Oliveral,2018,6817,CASTELLARLOLIVERAL
Castellar-l'Oliveral,2019,6800,CASTELLARLOLIVERAL
Castellar-l'Oliveral,2020,6809,CASTELLARLOLIVERAL
Castellar-l'Oliveral,2021,6821,CASTELLARLOLIVERAL
Castellar-l'Oliveral,2022,6798,CASTELLARLOLIVERAL
Castellar-l'Oliveral,2023,6790,CASTELLARLOLIVERAL
Castellar-l'Oliveral,2024,6913,CASTELLARLOLIVERAL
Sant Francesc,1991,6299,SANTFRANCESC
Sant Francesc,1996,5532,SANTFRANCESC
Sant Francesc,2001,5473,SANTFRANCESC
Sant Francesc,2014,5206,SANTFRANCESC
Sant Francesc,2015,5292,SANTFRANCESC
Sant Francesc,2016,5381,SANTFRANCESC
Sant Francesc,2017,5445,SANTFRANCESC
Sant Francesc,2018,5600,SANTFRANCESC
Sant Francesc,2019,5624,SANTFRANCESC
Sant Francesc,2020,5673,SANTFRANCESC
Sant Francesc,2021,5638,SANTFRANCESC
Sant Francesc,2022,5697,SANTFRANCESC
Sant Francesc,2023,5857,SANTFRANCESC
Sant Francesc,2024,6073,SANTFRANCESC
la Creu Coberta,1991,7044,LACREUCOBERTA
la Creu Coberta,1996,6767,LACREUCOBERTA
la Creu Coberta,2001,6405,LACREUCOBERTA
la Creu Coberta,2014,6154,LACREUCOBERTA
la Creu Coberta,2015,6135,LACREUCOBERTA
la Creu Coberta,2016,6104,LACREUCOBERTA
la Creu Coberta,2017,6117,LACREUCOBERTA
la Creu Coberta,2018,6156,LACREUCOBERTA
la Creu Coberta,2019,6158,LACREUCOBERTA
la Creu Coberta,2020,6113,LACREUCOBERTA
la Creu Coberta,2021,6049,LACREUCOBERTA
la Creu Coberta,2022,5987,LACREUCOBERTA
la Creu Coberta,2023,6046,LACREUCOBERTA
la Creu Coberta,2024,6099,LACREUCOBERTA
la Fonteta de Sant Lluís,1991,3120,LAFONTETADESANTLLUS
la Fonteta de Sant Lluís,1996,3030,LAFONTETADESANTLLUS
la Fonteta de Sant Lluís,2001,3055,LAFONTETADESANTLLUS
la Fonteta de Sant Lluís,2014,2827,LAFONTETADESANTLLUS
la Fonteta de Sant Lluís,2015,2821,LAFONTETADESANTLLUS
la Fonteta de Sant Lluís,2016,2807,LAFONTETADESANTLLUS
la Fonteta de Sant Lluís,2017,2901,LAFONTETADESANTLLUS
la Fonteta de Sant Lluís,2018,2943,LAFONTETADESANTLLUS
la Fonteta de Sant Lluís,2019,2950,LAFONTETADESANTLLUS
la Fonteta de Sant Lluís,2020,3032,LAFONTETADESANTLLUS
la Fonteta de Sant Lluís,2021,2995,LAFONTETADESANTLLUS
la Fonteta de Sant Lluís,2022,3040,LAFONTETADESANTLLUS
la Fonteta de Sant Lluís,2023,3088,LAFONTETADESANTLLUS
la Fonteta de Sant Lluís,2024,3186,LAFONTETADESANTLLUS
la Fontsanta,1991,4387,LAFONTSANTA
la Fontsanta,1996,4007,LAFONTSANTA
la Fontsanta,2001,4169,LAFONTSANTA
la Fontsanta,2014,3531,LAFONTSANTA
la Fontsanta,2015,3541,LAFONTSANTA
la Fontsanta,2016,3512,LAFONTSANTA
la Fontsanta,2017,3518,LAFONTSANTA
la Fontsanta,2018,3544,LAFONTSANTA
la Fontsanta,2019,3511,LAFONTSANTA
la Fontsanta,2020,3562,LAFONTSANTA
la Fontsanta,2021,3567,LAFONTSANTA
la Fontsanta,2022,3554,LAFONTSANTA
la Fontsanta,2023,3649,LAFONTSANTA
la Fontsanta,2024,3866,LAFONTSANTA
Benimàmet,1991,11706,BENIMMET
Benimàmet,1996,11776,BENIMMET
Benimàmet,2001,12016,BENIMMET
Benimàmet,2014,12980,BENIMMET
Benimàmet,2015,12899,BENIMMET
Benimàmet,2016,12891,BENIMMET
Benimàmet,2017,12888,BENIMMET
Benimàmet,2018,12942,BENIMMET
Benimàmet,2019,13187,BENIMMET
Benimàmet,2020,13389,BENIMMET
Benimàmet,2021,13357,BENIMMET
Benimàmet,2022,13375,BENIMMET
Benimàmet,2023,13559,BENIMMET
Benimàmet,2024,14012,BENIMMET
Mauella,1991,69,MAUELLA
Mauella,1996,73,MAUELLA
Mauella,2001,65,MAUELLA
Mauella,2014,52,MAUELLA
Mauella,2015,52,MAUELLA
Mauella,2016,47,MAUELLA
Mauella,2017,47,MAUELLA
Mauella,2018,48,MAUELLA
Mauella,2019,45,MAUELLA
Mauella,2020,50,MAUELLA
Mauella,2021,58,MAUELLA
Mauella,2022,57,MAUELLA
Mauella,2023,56,MAUELLA
Mauella,2024,59,MAUELLA
Arrancapins,1991,24790,ARRANCAPINS
Arrancapins,1996,23981,ARRANCAPINS
Arrancapins,2001,23402,ARRANCAPINS
Arrancapins,2014,22409,ARRANCAPINS
Arrancapins,2015,22238,ARRANCAPINS
Arrancapins,2016,22228,ARRANCAPINS
Arrancapins,2017,22401,ARRANCAPINS
Arrancapins,2018,22563,ARRANCAPINS
Arrancapins,2019,22508,ARRANCAPINS
Arrancapins,2020,22687,ARRANCAPINS
Arrancapins,2021,22562,ARRANCAPINS
Arrancapins,2022,22491,ARRANCAPINS
Arrancapins,2023,22875,ARRANCAPINS
Arrancapins,2024,23354,ARRANCAPINS
la Carrasca,1991,2823,LACARRASCA
la Carrasca,1996,3387,LACARRASCA
la Carrasca,2001,3531,LACARRASCA
la Carrasca,2014,3432,LACARRASCA
la Carrasca,2015,3464,LACARRASCA
la Carrasca,2016,3522,LACARRASCA
la Carrasca,2017,3506,LACARRASCA
la Carrasca,2018,3537,LACARRASCA
la Carrasca,2019,3542,LACARRASCA
la Carrasca,2020,3434,LACARRASCA
la Carrasca,2021,3444,LACARRASCA
la Carrasca,2022,3306,LACARRASCA
la Carrasca,2023,3297,LACARRASCA
la Carrasca,2024,3301,LACARRASCA
